"No.","Time","Source","Destination","Protocol","Length","Source Port","Message Identifier","Destination Port","Info"
"256399","2303.411356549","192.168.15.8","130.185.238.170","MQTT","89","37665","","1883","Connect Command"
"256401","2303.491091896","192.168.15.8","130.185.238.170","MQTT","103","37665","1,2","1883","Subscribe Request (id=1) [devices-1], Publish Message (id=2) [devices-1]"
"256402","2303.491058330","130.185.238.170","192.168.15.8","MQTT","70","1883","","37665","Connect Ack"
"256405","2303.570350769","130.185.238.170","192.168.15.8","MQTT","71","1883","1","37665","Subscribe Ack (id=1)"
"256407","2303.650380435","130.185.238.170","192.168.15.8","MQTT","89","1883","2","37665","Publish Message [devices-1], Publish Ack (id=2)"
"256471","2307.359165791","192.168.15.8","130.185.238.170","MQTT","87","37665","3","1883","Publish Message (id=3) [devices-1]"
"256473","2307.438374067","130.185.238.170","192.168.15.8","MQTT","85","1883","","37665","Publish Message [devices-1]"
"256475","2307.518451994","130.185.238.170","192.168.15.8","MQTT","70","1883","3","37665","Publish Ack (id=3)"
"256593","2312.077159224","192.168.15.8","130.185.238.170","MQTT","87","37665","4","1883","Publish Message (id=4) [devices-1]"
"256595","2312.158468753","130.185.238.170","192.168.15.8","MQTT","85","1883","","37665","Publish Message [devices-1]"
"256598","2312.238383405","130.185.238.170","192.168.15.8","MQTT","70","1883","4","37665","Publish Ack (id=4)"
"256690","2317.926066571","192.168.15.8","130.185.238.170","MQTT","87","37665","5","1883","Publish Message (id=5) [devices-1]"
"256692","2318.006726351","130.185.238.170","192.168.15.8","MQTT","85","1883","","37665","Publish Message [devices-1]"
"256696","2318.086510352","130.185.238.170","192.168.15.8","MQTT","70","1883","5","37665","Publish Ack (id=5)"
"257328","2323.049267794","192.168.15.8","130.185.238.170","MQTT","87","37665","6","1883","Publish Message (id=6) [devices-1]"
"257329","2323.130828022","130.185.238.170","192.168.15.8","MQTT","85","1883","","37665","Publish Message [devices-1]"
"257331","2323.210549718","130.185.238.170","192.168.15.8","MQTT","70","1883","6","37665","Publish Ack (id=6)"
"257381","2326.961367153","192.168.15.8","130.185.238.170","MQTT","87","37665","7","1883","Publish Message (id=7) [devices-1]"
"257408","2327.042684661","130.185.238.170","192.168.15.8","MQTT","85","1883","","37665","Publish Message [devices-1]"
"257410","2327.122620622","130.185.238.170","192.168.15.8","MQTT","70","1883","7","37665","Publish Ack (id=7)"
"257478","2331.539454687","192.168.15.8","130.185.238.170","MQTT","87","37665","8","1883","Publish Message (id=8) [devices-1]"
"257481","2331.618739363","130.185.238.170","192.168.15.8","MQTT","85","1883","","37665","Publish Message [devices-1]"
"257483","2331.698733972","130.185.238.170","192.168.15.8","MQTT","70","1883","8","37665","Publish Ack (id=8)"
"257553","2334.996900578","192.168.15.8","130.185.238.170","MQTT","87","37665","9","1883","Publish Message (id=9) [devices-1]"
"257554","2335.074825469","130.185.238.170","192.168.15.8","MQTT","85","1883","","37665","Publish Message [devices-1]"
"257561","2335.154694126","130.185.238.170","192.168.15.8","MQTT","70","1883","9","37665","Publish Ack (id=9)"
"257647","2339.096052321","192.168.15.8","130.185.238.170","MQTT","87","37665","10","1883","Publish Message (id=10) [devices-1]"
"257648","2339.174999747","130.185.238.170","192.168.15.8","MQTT","85","1883","","37665","Publish Message [devices-1]"
"257650","2339.254851703","130.185.238.170","192.168.15.8","MQTT","70","1883","10","37665","Publish Ack (id=10)"
"257758","2343.575129341","192.168.15.8","130.185.238.170","MQTT","87","37665","11","1883","Publish Message (id=11) [devices-1]"
"257759","2343.655165082","130.185.238.170","192.168.15.8","MQTT","85","1883","","37665","Publish Message [devices-1]"
"257761","2343.734841377","130.185.238.170","192.168.15.8","MQTT","70","1883","11","37665","Publish Ack (id=11)"
"257806","2347.547052552","192.168.15.8","130.185.238.170","MQTT","87","37665","12","1883","Publish Message (id=12) [devices-1]"
"257807","2347.627483601","130.185.238.170","192.168.15.8","MQTT","85","1883","","37665","Publish Message [devices-1]"
"257809","2347.706969755","130.185.238.170","192.168.15.8","MQTT","70","1883","12","37665","Publish Ack (id=12)"
"258456","2349.252896220","192.168.15.8","130.185.238.170","MQTT","87","37665","13","1883","Publish Message (id=13) [devices-1]"
"258459","2349.331289087","130.185.238.170","192.168.15.8","MQTT","85","1883","","37665","Publish Message [devices-1]"
"258463","2349.410991920","130.185.238.170","192.168.15.8","MQTT","70","1883","13","37665","Publish Ack (id=13)"
"258656","2350.683228210","192.168.15.8","130.185.238.170","MQTT","87","37665","14","1883","Publish Message (id=14) [devices-1]"
"258657","2350.764133724","130.185.238.170","192.168.15.8","MQTT","85","1883","","37665","Publish Message [devices-1]"
"258659","2350.842991194","130.185.238.170","192.168.15.8","MQTT","70","1883","14","37665","Publish Ack (id=14)"
"258727","2353.113956655","192.168.15.8","130.185.238.170","MQTT","87","37665","15","1883","Publish Message (id=15) [devices-1]"
"258733","2353.196888864","130.185.238.170","192.168.15.8","MQTT","85","1883","","37665","Publish Message [devices-1]"
"258738","2353.275002894","130.185.238.170","192.168.15.8","MQTT","70","1883","15","37665","Publish Ack (id=15)"
"258898","2357.099376828","192.168.15.8","130.185.238.170","MQTT","87","37665","16","1883","Publish Message (id=16) [devices-1]"
"258899","2357.179580560","130.185.238.170","192.168.15.8","MQTT","85","1883","","37665","Publish Message [devices-1]"
"258901","2357.259029763","130.185.238.170","192.168.15.8","MQTT","70","1883","16","37665","Publish Ack (id=16)"
"258992","2361.678809462","192.168.15.8","130.185.238.170","MQTT","87","37665","17","1883","Publish Message (id=17) [devices-1]"
"258997","2361.758993673","130.185.238.170","192.168.15.8","MQTT","85","1883","","37665","Publish Message [devices-1]"
"259019","2361.839146205","130.185.238.170","192.168.15.8","MQTT","70","1883","17","37665","Publish Ack (id=17)"
"259475","2363.152170382","192.168.15.8","130.185.238.170","MQTT","87","37665","18","1883","Publish Message (id=18) [devices-1]"
"259495","2363.231354715","130.185.238.170","192.168.15.8","MQTT","85","1883","","37665","Publish Message [devices-1]"
"259499","2363.311131381","130.185.238.170","192.168.15.8","MQTT","70","1883","18","37665","Publish Ack (id=18)"
"259548","2364.312797755","192.168.15.8","130.185.238.170","MQTT","68","37665","","1883","Ping Request"
"259549","2364.391161425","130.185.238.170","192.168.15.8","MQTT","68","1883","","37665","Ping Response"
"259561","2366.029276191","192.168.15.8","130.185.238.170","MQTT","87","37665","19","1883","Publish Message (id=19) [devices-1]"
"259562","2366.107291887","130.185.238.170","192.168.15.8","MQTT","85","1883","","37665","Publish Message [devices-1]"
"259564","2366.189150215","130.185.238.170","192.168.15.8","MQTT","70","1883","19","37665","Publish Ack (id=19)"
"259580","2368.484351967","192.168.15.8","130.185.238.170","MQTT","87","37665","20","1883","Publish Message (id=20) [devices-1]"
"259581","2368.563396229","130.185.238.170","192.168.15.8","MQTT","85","1883","","37665","Publish Message [devices-1]"
"259583","2368.643352252","130.185.238.170","192.168.15.8","MQTT","70","1883","20","37665","Publish Ack (id=20)"
"259654","2372.321586529","192.168.15.8","130.185.238.170","MQTT","87","37665","21","1883","Publish Message (id=21) [devices-1]"
"259655","2372.399470440","130.185.238.170","192.168.15.8","MQTT","85","1883","","37665","Publish Message [devices-1]"
"259657","2372.479345260","130.185.238.170","192.168.15.8","MQTT","70","1883","21","37665","Publish Ack (id=21)"
"259683","2374.810004202","192.168.15.8","130.185.238.170","MQTT","87","37665","22","1883","Publish Message (id=22) [devices-1]"
"259744","2374.896456938","130.185.238.170","192.168.15.8","MQTT","85","1883","","37665","Publish Message [devices-1]"
"259746","2374.975281849","130.185.238.170","192.168.15.8","MQTT","70","1883","22","37665","Publish Ack (id=22)"
"260490","2378.715798661","192.168.15.8","130.185.238.170","MQTT","87","37665","23","1883","Publish Message (id=23) [devices-1]"
"260491","2378.797605780","130.185.238.170","192.168.15.8","MQTT","85","1883","","37665","Publish Message [devices-1]"
"260494","2378.875393637","130.185.238.170","192.168.15.8","MQTT","70","1883","23","37665","Publish Ack (id=23)"
"271272","2381.327152956","192.168.15.8","130.185.238.170","MQTT","87","37665","24","1883","Publish Message (id=24) [devices-1]"
"271273","2381.406929417","130.185.238.170","192.168.15.8","MQTT","85","1883","","37665","Publish Message [devices-1]"
"271275","2381.486811786","130.185.238.170","192.168.15.8","MQTT","70","1883","24","37665","Publish Ack (id=24)"
"271376","2384.741804776","192.168.15.8","130.185.238.170","MQTT","87","37665","25","1883","Publish Message (id=25) [devices-1]"
"271377","2384.822970100","130.185.238.170","192.168.15.8","MQTT","85","1883","","37665","Publish Message [devices-1]"
"271379","2384.902904319","130.185.238.170","192.168.15.8","MQTT","70","1883","25","37665","Publish Ack (id=25)"
"271518","2386.641217219","192.168.15.8","130.185.238.170","MQTT","87","37665","26","1883","Publish Message (id=26) [devices-1]"
"271522","2386.719071052","130.185.238.170","192.168.15.8","MQTT","85","1883","","37665","Publish Message [devices-1]"
"271524","2386.798873838","130.185.238.170","192.168.15.8","MQTT","70","1883","26","37665","Publish Ack (id=26)"
"271559","2388.137169644","192.168.15.8","130.185.238.170","MQTT","87","37665","27","1883","Publish Message (id=27) [devices-1]"
"271560","2388.215087202","130.185.238.170","192.168.15.8","MQTT","85","1883","","37665","Publish Message [devices-1]"
"271562","2388.294809340","130.185.238.170","192.168.15.8","MQTT","70","1883","27","37665","Publish Ack (id=27)"
"271576","2389.453847563","192.168.15.8","130.185.238.170","MQTT","87","37665","28","1883","Publish Message (id=28) [devices-1]"
"271577","2389.535044733","130.185.238.170","192.168.15.8","MQTT","85","1883","","37665","Publish Message [devices-1]"
"271579","2389.614973372","130.185.238.170","192.168.15.8","MQTT","70","1883","28","37665","Publish Ack (id=28)"
"271659","2394.446000877","192.168.15.8","130.185.238.170","MQTT","87","37665","29","1883","Publish Message (id=29) [devices-1]"
"271662","2394.527084527","130.185.238.170","192.168.15.8","MQTT","85","1883","","37665","Publish Message [devices-1]"
"271664","2394.606992777","130.185.238.170","192.168.15.8","MQTT","70","1883","29","37665","Publish Ack (id=29)"
"271723","2396.788603026","192.168.15.8","130.185.238.170","MQTT","87","37665","30","1883","Publish Message (id=30) [devices-1]"
"271725","2396.866930426","130.185.238.170","192.168.15.8","MQTT","85","1883","","37665","Publish Message [devices-1]"
"271727","2396.947013961","130.185.238.170","192.168.15.8","MQTT","70","1883","30","37665","Publish Ack (id=30)"
"271792","2398.497971292","192.168.15.8","130.185.238.170","MQTT","87","37665","31","1883","Publish Message (id=31) [devices-1]"
"271793","2398.579114773","130.185.238.170","192.168.15.8","MQTT","85","1883","","37665","Publish Message [devices-1]"
"271795","2398.656855305","130.185.238.170","192.168.15.8","MQTT","70","1883","31","37665","Publish Ack (id=31)"
"272517","2404.424789470","192.168.15.8","130.185.238.170","MQTT","87","37665","32","1883","Publish Message (id=32) [devices-1]"
"272525","2404.503353928","130.185.238.170","192.168.15.8","MQTT","85","1883","","37665","Publish Message [devices-1]"
"272528","2404.583114960","130.185.238.170","192.168.15.8","MQTT","70","1883","32","37665","Publish Ack (id=32)"
"273324","2409.373176314","192.168.15.8","130.185.238.170","MQTT","87","37665","33","1883","Publish Message (id=33) [devices-1]"
"273353","2409.451256817","130.185.238.170","192.168.15.8","MQTT","85","1883","","37665","Publish Message [devices-1]"
"273357","2409.531119542","130.185.238.170","192.168.15.8","MQTT","70","1883","33","37665","Publish Ack (id=33)"
"273417","2413.782423026","192.168.15.8","130.185.238.170","MQTT","87","37665","34","1883","Publish Message (id=34) [devices-1]"
"273418","2413.863340468","130.185.238.170","192.168.15.8","MQTT","85","1883","","37665","Publish Message [devices-1]"
"273421","2413.943254799","130.185.238.170","192.168.15.8","MQTT","70","1883","34","37665","Publish Ack (id=34)"
"274663","2419.886448313","192.168.15.8","130.185.238.170","MQTT","87","37665","35","1883","Publish Message (id=35) [devices-1]"
"274674","2419.967274324","130.185.238.170","192.168.15.8","MQTT","85","1883","","37665","Publish Message [devices-1]"
"274684","2420.047055856","130.185.238.170","192.168.15.8","MQTT","70","1883","35","37665","Publish Ack (id=35)"
"274946","2424.301112408","192.168.15.8","130.185.238.170","MQTT","87","37665","36","1883","Publish Message (id=36) [devices-1]"
"274949","2424.379621688","130.185.238.170","192.168.15.8","MQTT","85","1883","","37665","Publish Message [devices-1]"
"274951","2424.380064698","192.168.15.8","130.185.238.170","MQTT","68","37665","","1883","Ping Request"
"274955","2424.459400315","130.185.238.170","192.168.15.8","MQTT","70","1883","36","37665","Publish Ack (id=36)"
"274958","2424.579205444","130.185.238.170","192.168.15.8","MQTT","68","1883","","37665","Ping Response"
"274977","2426.620236961","192.168.15.8","130.185.238.170","MQTT","87","37665","37","1883","Publish Message (id=37) [devices-1]"
"274979","2426.699426521","130.185.238.170","192.168.15.8","MQTT","85","1883","","37665","Publish Message [devices-1]"
"274981","2426.779437463","130.185.238.170","192.168.15.8","MQTT","70","1883","37","37665","Publish Ack (id=37)"
"275026","2430.977771880","192.168.15.8","130.185.238.170","MQTT","87","37665","38","1883","Publish Message (id=38) [devices-1]"
"275028","2431.055330124","130.185.238.170","192.168.15.8","MQTT","85","1883","","37665","Publish Message [devices-1]"
"275030","2431.135282144","130.185.238.170","192.168.15.8","MQTT","70","1883","38","37665","Publish Ack (id=38)"
"275099","2434.688819881","192.168.15.8","130.185.238.170","MQTT","87","37665","39","1883","Publish Message (id=39) [devices-1]"
"275101","2434.767620948","130.185.238.170","192.168.15.8","MQTT","85","1883","","37665","Publish Message [devices-1]"
"275103","2434.847435228","130.185.238.170","192.168.15.8","MQTT","70","1883","39","37665","Publish Ack (id=39)"
"275116","2436.584012699","192.168.15.8","130.185.238.170","MQTT","87","37665","40","1883","Publish Message (id=40) [devices-1]"
"275117","2436.663620253","130.185.238.170","192.168.15.8","MQTT","85","1883","","37665","Publish Message [devices-1]"
"275119","2436.743425869","130.185.238.170","192.168.15.8","MQTT","70","1883","40","37665","Publish Ack (id=40)"
"276003","2441.239885729","192.168.15.8","130.185.238.170","MQTT","87","37665","41","1883","Publish Message (id=41) [devices-1]"
"276004","2441.318159986","130.185.238.170","192.168.15.8","MQTT","85","1883","","37665","Publish Message [devices-1]"
"276010","2441.398170923","130.185.238.170","192.168.15.8","MQTT","70","1883","41","37665","Publish Ack (id=41)"
"276019","2443.375365753","192.168.15.8","130.185.238.170","MQTT","87","37665","42","1883","Publish Message (id=42) [devices-1]"
"276024","2443.454247233","130.185.238.170","192.168.15.8","MQTT","85","1883","","37665","Publish Message [devices-1]"
"276028","2443.534079434","130.185.238.170","192.168.15.8","MQTT","70","1883","42","37665","Publish Ack (id=42)"
"276034","2444.662758354","192.168.15.8","130.185.238.170","MQTT","87","37665","43","1883","Publish Message (id=43) [devices-1]"
"276042","2444.741994598","130.185.238.170","192.168.15.8","MQTT","85","1883","","37665","Publish Message [devices-1]"
"276045","2444.821880276","130.185.238.170","192.168.15.8","MQTT","70","1883","43","37665","Publish Ack (id=43)"
"276053","2446.729498838","192.168.15.8","130.185.238.170","MQTT","87","37665","44","1883","Publish Message (id=44) [devices-1]"
"276054","2446.810251076","130.185.238.170","192.168.15.8","MQTT","85","1883","","37665","Publish Message [devices-1]"
"276056","2446.890095601","130.185.238.170","192.168.15.8","MQTT","70","1883","44","37665","Publish Ack (id=44)"
"276094","2450.315343538","192.168.15.8","130.185.238.170","MQTT","87","37665","45","1883","Publish Message (id=45) [devices-1]"
"276095","2450.394256222","130.185.238.170","192.168.15.8","MQTT","85","1883","","37665","Publish Message [devices-1]"
"276097","2450.474186910","130.185.238.170","192.168.15.8","MQTT","70","1883","45","37665","Publish Ack (id=45)"
"276145","2451.520043474","192.168.15.8","130.185.238.170","MQTT","87","37665","46","1883","Publish Message (id=46) [devices-1]"
"276146","2451.598245070","130.185.238.170","192.168.15.8","MQTT","85","1883","","37665","Publish Message [devices-1]"
"276148","2451.678157983","130.185.238.170","192.168.15.8","MQTT","70","1883","46","37665","Publish Ack (id=46)"
"276250","2456.131121784","192.168.15.8","130.185.238.170","MQTT","87","37665","47","1883","Publish Message (id=47) [devices-1]"
"276261","2456.210306795","130.185.238.170","192.168.15.8","MQTT","85","1883","","37665","Publish Message [devices-1]"
"276263","2456.290249479","130.185.238.170","192.168.15.8","MQTT","70","1883","47","37665","Publish Ack (id=47)"
"276503","2460.543052466","192.168.15.8","130.185.238.170","MQTT","87","37665","48","1883","Publish Message (id=48) [devices-1]"
"276504","2460.623428622","130.185.238.170","192.168.15.8","MQTT","85","1883","","37665","Publish Message [devices-1]"
"276506","2460.703311635","130.185.238.170","192.168.15.8","MQTT","70","1883","48","37665","Publish Ack (id=48)"
"276562","2463.223421340","192.168.15.8","130.185.238.170","MQTT","87","37665","49","1883","Publish Message (id=49) [devices-1]"
"276563","2463.303462045","130.185.238.170","192.168.15.8","MQTT","85","1883","","37665","Publish Message [devices-1]"
"276565","2463.383275228","130.185.238.170","192.168.15.8","MQTT","70","1883","49","37665","Publish Ack (id=49)"
"276824","2469.070964763","192.168.15.8","130.185.238.170","MQTT","87","37665","50","1883","Publish Message (id=50) [devices-1]"
"276837","2469.150384169","130.185.238.170","192.168.15.8","MQTT","85","1883","","37665","Publish Message [devices-1]"
"276839","2469.230704009","130.185.238.170","192.168.15.8","MQTT","70","1883","50","37665","Publish Ack (id=50)"
"276913","2471.637914045","192.168.15.8","130.185.238.170","MQTT","87","37665","51","1883","Publish Message (id=51) [devices-1]"
"276914","2471.718339507","130.185.238.170","192.168.15.8","MQTT","85","1883","","37665","Publish Message [devices-1]"
"276927","2471.798187659","130.185.238.170","192.168.15.8","MQTT","70","1883","51","37665","Publish Ack (id=51)"
"277077","2477.309937576","192.168.15.8","130.185.238.170","MQTT","87","37665","52","1883","Publish Message (id=52) [devices-1]"
"277079","2477.390343178","130.185.238.170","192.168.15.8","MQTT","85","1883","","37665","Publish Message [devices-1]"
"277081","2477.470323757","130.185.238.170","192.168.15.8","MQTT","70","1883","52","37665","Publish Ack (id=52)"
"277199","2482.828023342","192.168.15.8","130.185.238.170","MQTT","87","37665","53","1883","Publish Message (id=53) [devices-1]"
"277200","2482.906447083","130.185.238.170","192.168.15.8","MQTT","85","1883","","37665","Publish Message [devices-1]"
"277202","2482.986369061","130.185.238.170","192.168.15.8","MQTT","70","1883","53","37665","Publish Ack (id=53)"
"277206","2484.390529782","192.168.15.8","130.185.238.170","MQTT","87","37665","54","1883","Publish Message (id=54) [devices-1]"
"277207","2484.470461717","130.185.238.170","192.168.15.8","MQTT","85","1883","","37665","Publish Message [devices-1]"
"277208","2484.470507653","192.168.15.8","130.185.238.170","MQTT","68","37665","","1883","Ping Request"
"277209","2484.550431513","130.185.238.170","192.168.15.8","MQTT","70","1883","54","37665","Publish Ack (id=54)"
"277211","2484.678354496","130.185.238.170","192.168.15.8","MQTT","68","1883","","37665","Ping Response"
"277244","2489.645175784","192.168.15.8","130.185.238.170","MQTT","87","37665","55","1883","Publish Message (id=55) [devices-1]"
"277245","2489.726361648","130.185.238.170","192.168.15.8","MQTT","85","1883","","37665","Publish Message [devices-1]"
"277247","2489.806383912","130.185.238.170","192.168.15.8","MQTT","70","1883","55","37665","Publish Ack (id=55)"
"277268","2491.585250063","192.168.15.8","130.185.238.170","MQTT","87","37665","56","1883","Publish Message (id=56) [devices-1]"
"277274","2491.666552043","130.185.238.170","192.168.15.8","MQTT","85","1883","","37665","Publish Message [devices-1]"
"277276","2491.746435715","130.185.238.170","192.168.15.8","MQTT","70","1883","56","37665","Publish Ack (id=56)"
"277330","2496.635958056","192.168.15.8","130.185.238.170","MQTT","87","37665","57","1883","Publish Message (id=57) [devices-1]"
"277332","2496.714483705","130.185.238.170","192.168.15.8","MQTT","85","1883","","37665","Publish Message [devices-1]"
"277334","2496.794339881","130.185.238.170","192.168.15.8","MQTT","70","1883","57","37665","Publish Ack (id=57)"
"277445","2501.937497747","192.168.15.8","130.185.238.170","MQTT","87","37665","58","1883","Publish Message (id=58) [devices-1]"
"277450","2502.018646361","130.185.238.170","192.168.15.8","MQTT","85","1883","","37665","Publish Message [devices-1]"
"277453","2502.098490124","130.185.238.170","192.168.15.8","MQTT","70","1883","58","37665","Publish Ack (id=58)"
"277500","2507.853513037","192.168.15.8","130.185.238.170","MQTT","87","37665","59","1883","Publish Message (id=59) [devices-1]"
"277501","2507.934627712","130.185.238.170","192.168.15.8","MQTT","85","1883","","37665","Publish Message [devices-1]"
"277503","2508.015988904","130.185.238.170","192.168.15.8","MQTT","70","1883","59","37665","Publish Ack (id=59)"
"277566","2513.865166754","192.168.15.8","130.185.238.170","MQTT","87","37665","60","1883","Publish Message (id=60) [devices-1]"
"277567","2513.943074027","130.185.238.170","192.168.15.8","MQTT","85","1883","","37665","Publish Message [devices-1]"
"277572","2514.022808428","130.185.238.170","192.168.15.8","MQTT","70","1883","60","37665","Publish Ack (id=60)"
"277616","2518.485544087","192.168.15.8","130.185.238.170","MQTT","87","37665","61","1883","Publish Message (id=61) [devices-1]"
"277617","2518.566833135","130.185.238.170","192.168.15.8","MQTT","85","1883","","37665","Publish Message [devices-1]"
"277619","2518.646777164","130.185.238.170","192.168.15.8","MQTT","70","1883","61","37665","Publish Ack (id=61)"
"277673","2523.655325320","192.168.15.8","130.185.238.170","MQTT","87","37665","62","1883","Publish Message (id=62) [devices-1]"
"277675","2523.734893123","130.185.238.170","192.168.15.8","MQTT","85","1883","","37665","Publish Message [devices-1]"
"277677","2523.814934800","130.185.238.170","192.168.15.8","MQTT","70","1883","62","37665","Publish Ack (id=62)"
"277754","2528.344443801","192.168.15.8","130.185.238.170","MQTT","87","37665","63","1883","Publish Message (id=63) [devices-1]"
"277755","2528.422721714","130.185.238.170","192.168.15.8","MQTT","85","1883","","37665","Publish Message [devices-1]"
"277757","2528.502784913","130.185.238.170","192.168.15.8","MQTT","70","1883","63","37665","Publish Ack (id=63)"
"277848","2532.333664141","192.168.15.8","130.185.238.170","MQTT","87","37665","64","1883","Publish Message (id=64) [devices-1]"
"277851","2532.414921762","130.185.238.170","192.168.15.8","MQTT","85","1883","","37665","Publish Message [devices-1]"
"277853","2532.494721484","130.185.238.170","192.168.15.8","MQTT","70","1883","64","37665","Publish Ack (id=64)"
"277913","2536.610599487","192.168.15.8","130.185.238.170","MQTT","87","37665","65","1883","Publish Message (id=65) [devices-1]"
"277917","2536.690843992","130.185.238.170","192.168.15.8","MQTT","85","1883","","37665","Publish Message [devices-1]"
"277921","2536.770896011","130.185.238.170","192.168.15.8","MQTT","70","1883","65","37665","Publish Ack (id=65)"
"277973","2539.336378132","192.168.15.8","130.185.238.170","MQTT","87","37665","66","1883","Publish Message (id=66) [devices-1]"
"277974","2539.415065815","130.185.238.170","192.168.15.8","MQTT","85","1883","","37665","Publish Message [devices-1]"
"277976","2539.494950098","130.185.238.170","192.168.15.8","MQTT","70","1883","66","37665","Publish Ack (id=66)"
"278000","2542.301847101","192.168.15.8","130.185.238.170","MQTT","87","37665","67","1883","Publish Message (id=67) [devices-1]"
"278001","2542.383057560","130.185.238.170","192.168.15.8","MQTT","85","1883","","37665","Publish Message [devices-1]"
"278003","2542.462836585","130.185.238.170","192.168.15.8","MQTT","70","1883","67","37665","Publish Ack (id=67)"
"278045","2544.025627261","192.168.15.8","130.185.238.170","MQTT","87","37665","68","1883","Publish Message (id=68) [devices-1]"
"278046","2544.107124936","130.185.238.170","192.168.15.8","MQTT","85","1883","","37665","Publish Message [devices-1]"
"278048","2544.187048050","130.185.238.170","192.168.15.8","MQTT","70","1883","68","37665","Publish Ack (id=68)"
"278055","2545.188026302","192.168.15.8","130.185.238.170","MQTT","68","37665","","1883","Ping Request"
"278056","2545.266948233","130.185.238.170","192.168.15.8","MQTT","68","1883","","37665","Ping Response"
"278078","2547.576455158","192.168.15.8","130.185.238.170","MQTT","87","37665","69","1883","Publish Message (id=69) [devices-1]"
"278079","2547.655000281","130.185.238.170","192.168.15.8","MQTT","85","1883","","37665","Publish Message [devices-1]"
"278086","2547.735101231","130.185.238.170","192.168.15.8","MQTT","70","1883","69","37665","Publish Ack (id=69)"
"278157","2552.953389228","192.168.15.8","130.185.238.170","MQTT","87","37665","70","1883","Publish Message (id=70) [devices-1]"
"278164","2553.031141642","130.185.238.170","192.168.15.8","MQTT","85","1883","","37665","Publish Message [devices-1]"
"278168","2553.111717078","130.185.238.170","192.168.15.8","MQTT","70","1883","70","37665","Publish Ack (id=70)"
"278176","2554.235486333","192.168.15.8","130.185.238.170","MQTT","87","37665","71","1883","Publish Message (id=71) [devices-1]"
"278177","2554.315192441","130.185.238.170","192.168.15.8","MQTT","85","1883","","37665","Publish Message [devices-1]"
"278179","2554.395307282","130.185.238.170","192.168.15.8","MQTT","70","1883","71","37665","Publish Ack (id=71)"
"278234","2557.949317751","192.168.15.8","130.185.238.170","MQTT","87","37665","72","1883","Publish Message (id=72) [devices-1]"
"278235","2558.027300754","130.185.238.170","192.168.15.8","MQTT","85","1883","","37665","Publish Message [devices-1]"
"278237","2558.107239522","130.185.238.170","192.168.15.8","MQTT","70","1883","72","37665","Publish Ack (id=72)"
"278273","2563.426647420","192.168.15.8","130.185.238.170","MQTT","87","37665","73","1883","Publish Message (id=73) [devices-1]"
"278278","2563.507398853","130.185.238.170","192.168.15.8","MQTT","85","1883","","37665","Publish Message [devices-1]"
"278280","2563.587305514","130.185.238.170","192.168.15.8","MQTT","70","1883","73","37665","Publish Ack (id=73)"
"278317","2567.746464674","192.168.15.8","130.185.238.170","MQTT","87","37665","74","1883","Publish Message (id=74) [devices-1]"
"278319","2567.827496821","130.185.238.170","192.168.15.8","MQTT","85","1883","","37665","Publish Message [devices-1]"
"278321","2567.907268025","130.185.238.170","192.168.15.8","MQTT","70","1883","74","37665","Publish Ack (id=74)"
"278362","2572.492197028","192.168.15.8","130.185.238.170","MQTT","87","37665","75","1883","Publish Message (id=75) [devices-1]"
"278363","2572.571595327","130.185.238.170","192.168.15.8","MQTT","85","1883","","37665","Publish Message [devices-1]"
"278365","2572.651386676","130.185.238.170","192.168.15.8","MQTT","70","1883","75","37665","Publish Ack (id=75)"
"278409","2577.897007512","192.168.15.8","130.185.238.170","MQTT","87","37665","76","1883","Publish Message (id=76) [devices-1]"
"278410","2577.975615180","130.185.238.170","192.168.15.8","MQTT","85","1883","","37665","Publish Message [devices-1]"
"278414","2578.055338172","130.185.238.170","192.168.15.8","MQTT","70","1883","76","37665","Publish Ack (id=76)"
"278443","2579.566690302","192.168.15.8","130.185.238.170","MQTT","87","37665","77","1883","Publish Message (id=77) [devices-1]"
"278444","2579.647623708","130.185.238.170","192.168.15.8","MQTT","85","1883","","37665","Publish Message [devices-1]"
"278446","2579.727509354","130.185.238.170","192.168.15.8","MQTT","70","1883","77","37665","Publish Ack (id=77)"
"280774","2585.055983654","192.168.15.8","130.185.238.170","MQTT","87","37665","78","1883","Publish Message (id=78) [devices-1]"
"280775","2585.136956567","130.185.238.170","192.168.15.8","MQTT","85","1883","","37665","Publish Message [devices-1]"
"280782","2585.214584197","130.185.238.170","192.168.15.8","MQTT","70","1883","78","37665","Publish Ack (id=78)"
"280915","2591.168943631","192.168.15.8","130.185.238.170","MQTT","87","37665","79","1883","Publish Message (id=79) [devices-1]"
"280919","2591.246953465","130.185.238.170","192.168.15.8","MQTT","85","1883","","37665","Publish Message [devices-1]"
"280921","2591.326721361","130.185.238.170","192.168.15.8","MQTT","70","1883","79","37665","Publish Ack (id=79)"
"283492","2595.356422159","192.168.15.8","130.185.238.170","MQTT","87","37665","80","1883","Publish Message (id=80) [devices-1]"
"283493","2595.439790450","130.185.238.170","192.168.15.8","MQTT","85","1883","","37665","Publish Message [devices-1]"
"283495","2595.517651305","130.185.238.170","192.168.15.8","MQTT","70","1883","80","37665","Publish Ack (id=80)"
"283543","2597.431407512","192.168.15.8","130.185.238.170","MQTT","87","37665","81","1883","Publish Message (id=81) [devices-1]"
"283544","2597.509859825","130.185.238.170","192.168.15.8","MQTT","85","1883","","37665","Publish Message [devices-1]"
"283546","2597.589681507","130.185.238.170","192.168.15.8","MQTT","70","1883","81","37665","Publish Ack (id=81)"
"283671","2602.408250773","192.168.15.8","130.185.238.170","MQTT","87","37665","82","1883","Publish Message (id=82) [devices-1]"
"283673","2602.489847283","130.185.238.170","192.168.15.8","MQTT","85","1883","","37665","Publish Message [devices-1]"
"283679","2602.569636393","130.185.238.170","192.168.15.8","MQTT","70","1883","82","37665","Publish Ack (id=82)"
"283978","2605.573955265","192.168.15.8","130.185.238.170","MQTT","68","37665","","1883","Ping Request"
"283985","2605.654072287","130.185.238.170","192.168.15.8","MQTT","68","1883","","37665","Ping Response"
"284007","2607.401990382","192.168.15.8","130.185.238.170","MQTT","87","37665","83","1883","Publish Message (id=83) [devices-1]"
"284008","2607.482138529","130.185.238.170","192.168.15.8","MQTT","85","1883","","37665","Publish Message [devices-1]"
"284010","2607.561873374","130.185.238.170","192.168.15.8","MQTT","70","1883","83","37665","Publish Ack (id=83)"
"286319","2610.055972085","192.168.15.8","130.185.238.170","MQTT","87","37665","84","1883","Publish Message (id=84) [devices-1]"
"286320","2610.133419096","130.185.238.170","192.168.15.8","MQTT","85","1883","","37665","Publish Message [devices-1]"
"286322","2610.213270392","130.185.238.170","192.168.15.8","MQTT","70","1883","84","37665","Publish Ack (id=84)"
"286441","2615.422797646","192.168.15.8","130.185.238.170","MQTT","87","37665","85","1883","Publish Message (id=85) [devices-1]"
"286442","2615.501741566","130.185.238.170","192.168.15.8","MQTT","85","1883","","37665","Publish Message [devices-1]"
"286444","2615.581482390","130.185.238.170","192.168.15.8","MQTT","70","1883","85","37665","Publish Ack (id=85)"
"286518","2619.583268406","192.168.15.8","130.185.238.170","MQTT","87","37665","86","1883","Publish Message (id=86) [devices-1]"
"286519","2619.661430556","130.185.238.170","192.168.15.8","MQTT","85","1883","","37665","Publish Message [devices-1]"
"286522","2619.741600480","130.185.238.170","192.168.15.8","MQTT","70","1883","86","37665","Publish Ack (id=86)"
"286577","2624.856484302","192.168.15.8","130.185.238.170","MQTT","87","37665","87","1883","Publish Message (id=87) [devices-1]"
"286578","2624.937773562","130.185.238.170","192.168.15.8","MQTT","85","1883","","37665","Publish Message [devices-1]"
"286580","2625.017621405","130.185.238.170","192.168.15.8","MQTT","70","1883","87","37665","Publish Ack (id=87)"
"286645","2628.354215399","192.168.15.8","130.185.238.170","MQTT","87","37665","88","1883","Publish Message (id=88) [devices-1]"
"286679","2628.433720947","130.185.238.170","192.168.15.8","MQTT","85","1883","","37665","Publish Message [devices-1]"
"286710","2628.513702975","130.185.238.170","192.168.15.8","MQTT","70","1883","88","37665","Publish Ack (id=88)"
"289319","2631.479044370","192.168.15.8","130.185.238.170","MQTT","87","37665","89","1883","Publish Message (id=89) [devices-1]"
"289320","2631.556949143","130.185.238.170","192.168.15.8","MQTT","85","1883","","37665","Publish Message [devices-1]"
"289327","2631.636490719","130.185.238.170","192.168.15.8","MQTT","70","1883","89","37665","Publish Ack (id=89)"
"289367","2634.788121891","192.168.15.8","130.185.238.170","MQTT","87","37665","90","1883","Publish Message (id=90) [devices-1]"
"289370","2634.868803839","130.185.238.170","192.168.15.8","MQTT","85","1883","","37665","Publish Message [devices-1]"
"289372","2634.948713839","130.185.238.170","192.168.15.8","MQTT","70","1883","90","37665","Publish Ack (id=90)"
"289418","2639.555604306","192.168.15.8","130.185.238.170","MQTT","87","37665","91","1883","Publish Message (id=91) [devices-1]"
"289419","2639.637012292","130.185.238.170","192.168.15.8","MQTT","85","1883","","37665","Publish Message [devices-1]"
"289421","2639.716618148","130.185.238.170","192.168.15.8","MQTT","70","1883","91","37665","Publish Ack (id=91)"
"289434","2641.909138985","192.168.15.8","130.185.238.170","MQTT","87","37665","92","1883","Publish Message (id=92) [devices-1]"
"289435","2641.989064083","130.185.238.170","192.168.15.8","MQTT","85","1883","","37665","Publish Message [devices-1]"
"289437","2642.068748779","130.185.238.170","192.168.15.8","MQTT","70","1883","92","37665","Publish Ack (id=92)"
"289519","2645.489049336","192.168.15.8","130.185.238.170","MQTT","87","37665","93","1883","Publish Message (id=93) [devices-1]"
"289522","2645.569010892","130.185.238.170","192.168.15.8","MQTT","85","1883","","37665","Publish Message [devices-1]"
"289524","2645.648686311","130.185.238.170","192.168.15.8","MQTT","70","1883","93","37665","Publish Ack (id=93)"
"291048","2649.448668450","192.168.15.8","130.185.238.170","MQTT","87","37665","94","1883","Publish Message (id=94) [devices-1]"
"291050","2649.529631632","130.185.238.170","192.168.15.8","MQTT","85","1883","","37665","Publish Message [devices-1]"
"291052","2649.609530017","130.185.238.170","192.168.15.8","MQTT","70","1883","94","37665","Publish Ack (id=94)"
"292468","2651.520977503","192.168.15.8","130.185.238.170","MQTT","87","37665","95","1883","Publish Message (id=95) [devices-1]"
"292474","2651.601125244","130.185.238.170","192.168.15.8","MQTT","85","1883","","37665","Publish Message [devices-1]"
"292476","2651.681083848","130.185.238.170","192.168.15.8","MQTT","70","1883","95","37665","Publish Ack (id=95)"
"292510","2653.814046113","192.168.15.8","130.185.238.170","MQTT","87","37665","96","1883","Publish Message (id=96) [devices-1]"
"292511","2653.893219246","130.185.238.170","192.168.15.8","MQTT","85","1883","","37665","Publish Message [devices-1]"
"292513","2653.973015797","130.185.238.170","192.168.15.8","MQTT","70","1883","96","37665","Publish Ack (id=96)"
"292546","2659.077020646","192.168.15.8","130.185.238.170","MQTT","87","37665","97","1883","Publish Message (id=97) [devices-1]"
"292547","2659.157402256","130.185.238.170","192.168.15.8","MQTT","85","1883","","37665","Publish Message [devices-1]"
"292549","2659.237212518","130.185.238.170","192.168.15.8","MQTT","70","1883","97","37665","Publish Ack (id=97)"
"292579","2664.922651039","192.168.15.8","130.185.238.170","MQTT","87","37665","98","1883","Publish Message (id=98) [devices-1]"
"292580","2665.001357315","130.185.238.170","192.168.15.8","MQTT","85","1883","","37665","Publish Message [devices-1]"
"292582","2665.081218749","130.185.238.170","192.168.15.8","MQTT","70","1883","98","37665","Publish Ack (id=98)"
"292614","2666.082331106","192.168.15.8","130.185.238.170","MQTT","68","37665","","1883","Ping Request"
"292764","2666.161287901","130.185.238.170","192.168.15.8","MQTT","68","1883","","37665","Ping Response"
"294265","2670.275549128","192.168.15.8","130.185.238.170","MQTT","87","37665","99","1883","Publish Message (id=99) [devices-1]"
"294266","2670.355694876","130.185.238.170","192.168.15.8","MQTT","85","1883","","37665","Publish Message [devices-1]"
"294268","2670.435430861","130.185.238.170","192.168.15.8","MQTT","70","1883","99","37665","Publish Ack (id=99)"
"294300","2672.556276532","192.168.15.8","130.185.238.170","MQTT","87","37665","100","1883","Publish Message (id=100) [devices-1]"
"294301","2672.635763972","130.185.238.170","192.168.15.8","MQTT","85","1883","","37665","Publish Message [devices-1]"
"294303","2672.715729997","130.185.238.170","192.168.15.8","MQTT","70","1883","100","37665","Publish Ack (id=100)"
"295887","2675.383982368","192.168.15.8","130.185.238.170","MQTT","87","37665","101","1883","Publish Message (id=101) [devices-1]"
"295888","2675.462343501","130.185.238.170","192.168.15.8","MQTT","85","1883","","37665","Publish Message [devices-1]"
"295890","2675.542156394","130.185.238.170","192.168.15.8","MQTT","70","1883","101","37665","Publish Ack (id=101)"
"295948","2679.377546459","192.168.15.8","130.185.238.170","MQTT","87","37665","102","1883","Publish Message (id=102) [devices-1]"
"296013","2679.458090168","130.185.238.170","192.168.15.8","MQTT","85","1883","","37665","Publish Message [devices-1]"
"296198","2679.538078844","130.185.238.170","192.168.15.8","MQTT","70","1883","102","37665","Publish Ack (id=102)"
"297001","2684.174128872","192.168.15.8","130.185.238.170","MQTT","87","37665","103","1883","Publish Message (id=103) [devices-1]"
"297002","2684.254544502","130.185.238.170","192.168.15.8","MQTT","85","1883","","37665","Publish Message [devices-1]"
"297004","2684.334271967","130.185.238.170","192.168.15.8","MQTT","70","1883","103","37665","Publish Ack (id=103)"
"297047","2690.112426495","192.168.15.8","130.185.238.170","MQTT","87","37665","104","1883","Publish Message (id=104) [devices-1]"
"297048","2690.190442264","130.185.238.170","192.168.15.8","MQTT","85","1883","","37665","Publish Message [devices-1]"
"297050","2690.270310423","130.185.238.170","192.168.15.8","MQTT","70","1883","104","37665","Publish Ack (id=104)"
"298553","2693.164507002","192.168.15.8","130.185.238.170","MQTT","87","37665","105","1883","Publish Message (id=105) [devices-1]"
"298554","2693.244163439","130.185.238.170","192.168.15.8","MQTT","85","1883","","37665","Publish Message [devices-1]"
"298556","2693.324038906","130.185.238.170","192.168.15.8","MQTT","70","1883","105","37665","Publish Ack (id=105)"
"299997","2696.152833459","192.168.15.8","130.185.238.170","MQTT","87","37665","106","1883","Publish Message (id=106) [devices-1]"
"299998","2696.231846754","130.185.238.170","192.168.15.8","MQTT","85","1883","","37665","Publish Message [devices-1]"
"300000","2696.311723786","130.185.238.170","192.168.15.8","MQTT","70","1883","106","37665","Publish Ack (id=106)"
"300011","2698.641175243","192.168.15.8","130.185.238.170","MQTT","87","37665","107","1883","Publish Message (id=107) [devices-1]"
"300014","2698.720068563","130.185.238.170","192.168.15.8","MQTT","85","1883","","37665","Publish Message [devices-1]"
"300016","2698.803027127","130.185.238.170","192.168.15.8","MQTT","70","1883","107","37665","Publish Ack (id=107)"
"300023","2700.279452237","192.168.15.8","130.185.238.170","MQTT","87","37665","108","1883","Publish Message (id=108) [devices-1]"
"300026","2700.359813804","130.185.238.170","192.168.15.8","MQTT","85","1883","","37665","Publish Message [devices-1]"
"300028","2700.439529680","130.185.238.170","192.168.15.8","MQTT","70","1883","108","37665","Publish Ack (id=108)"
"300086","2704.767245852","192.168.15.8","130.185.238.170","MQTT","87","37665","109","1883","Publish Message (id=109) [devices-1]"
"300087","2704.847905359","130.185.238.170","192.168.15.8","MQTT","85","1883","","37665","Publish Message [devices-1]"
"300089","2704.927835388","130.185.238.170","192.168.15.8","MQTT","70","1883","109","37665","Publish Ack (id=109)"
"300103","2706.954990320","192.168.15.8","130.185.238.170","MQTT","87","37665","110","1883","Publish Message (id=110) [devices-1]"
"300104","2707.035918265","130.185.238.170","192.168.15.8","MQTT","85","1883","","37665","Publish Message [devices-1]"
"300106","2707.115791991","130.185.238.170","192.168.15.8","MQTT","70","1883","110","37665","Publish Ack (id=110)"
"300209","2712.247572682","192.168.15.8","130.185.238.170","MQTT","87","37665","111","1883","Publish Message (id=111) [devices-1]"
"300211","2712.328086834","130.185.238.170","192.168.15.8","MQTT","85","1883","","37665","Publish Message [devices-1]"
"300213","2712.407821945","130.185.238.170","192.168.15.8","MQTT","70","1883","111","37665","Publish Ack (id=111)"
"300245","2717.645529980","192.168.15.8","130.185.238.170","MQTT","87","37665","112","1883","Publish Message (id=112) [devices-1]"
"300246","2717.723989194","130.185.238.170","192.168.15.8","MQTT","85","1883","","37665","Publish Message [devices-1]"
"300250","2717.803954384","130.185.238.170","192.168.15.8","MQTT","70","1883","112","37665","Publish Ack (id=112)"
"300285","2718.988536577","192.168.15.8","130.185.238.170","MQTT","87","37665","113","1883","Publish Message (id=113) [devices-1]"
"300286","2719.068029062","130.185.238.170","192.168.15.8","MQTT","85","1883","","37665","Publish Message [devices-1]"
"300288","2719.147736160","130.185.238.170","192.168.15.8","MQTT","70","1883","113","37665","Publish Ack (id=113)"
"300303","2721.636902107","192.168.15.8","130.185.238.170","MQTT","87","37665","114","1883","Publish Message (id=114) [devices-1]"
"300304","2721.716015241","130.185.238.170","192.168.15.8","MQTT","85","1883","","37665","Publish Message [devices-1]"
"300306","2721.795922370","130.185.238.170","192.168.15.8","MQTT","70","1883","114","37665","Publish Ack (id=114)"
"300327","2726.163404378","192.168.15.8","130.185.238.170","MQTT","87","37665","115","1883","Publish Message (id=115) [devices-1]"
"300328","2726.244158196","130.185.238.170","192.168.15.8","MQTT","85","1883","","37665","Publish Message [devices-1]"
"300329","2726.244191837","192.168.15.8","130.185.238.170","MQTT","68","37665","","1883","Ping Request"
"300330","2726.323957898","130.185.238.170","192.168.15.8","MQTT","70","1883","115","37665","Publish Ack (id=115)"
"300332","2726.443909953","130.185.238.170","192.168.15.8","MQTT","68","1883","","37665","Ping Response"
"300367","2732.016204984","192.168.15.8","130.185.238.170","MQTT","87","37665","116","1883","Publish Message (id=116) [devices-1]"
"300380","2732.096220688","130.185.238.170","192.168.15.8","MQTT","85","1883","","37665","Publish Message [devices-1]"
"301069","2732.175699533","130.185.238.170","192.168.15.8","MQTT","70","1883","116","37665","Publish Ack (id=116)"
"301158","2733.204769253","192.168.15.8","130.185.238.170","MQTT","87","37665","117","1883","Publish Message (id=117) [devices-1]"
"301159","2733.284053735","130.185.238.170","192.168.15.8","MQTT","85","1883","","37665","Publish Message [devices-1]"
"301168","2733.364012268","130.185.238.170","192.168.15.8","MQTT","70","1883","117","37665","Publish Ack (id=117)"
"301186","2736.047341181","192.168.15.8","130.185.238.170","MQTT","87","37665","118","1883","Publish Message (id=118) [devices-1]"
"301188","2736.127870079","130.185.238.170","192.168.15.8","MQTT","85","1883","","37665","Publish Message [devices-1]"
"301190","2736.207986343","130.185.238.170","192.168.15.8","MQTT","70","1883","118","37665","Publish Ack (id=118)"
"301240","2741.003359209","192.168.15.8","130.185.238.170","MQTT","87","37665","119","1883","Publish Message (id=119) [devices-1]"
"301244","2741.084137864","130.185.238.170","192.168.15.8","MQTT","85","1883","","37665","Publish Message [devices-1]"
"301253","2741.163993177","130.185.238.170","192.168.15.8","MQTT","70","1883","119","37665","Publish Ack (id=119)"
"302582","2747.040116575","192.168.15.8","130.185.238.170","MQTT","87","37665","120","1883","Publish Message (id=120) [devices-1]"
"302583","2747.121029594","130.185.238.170","192.168.15.8","MQTT","85","1883","","37665","Publish Message [devices-1]"
"302585","2747.199872680","130.185.238.170","192.168.15.8","MQTT","70","1883","120","37665","Publish Ack (id=120)"
"302637","2752.905979955","192.168.15.8","130.185.238.170","MQTT","87","37665","121","1883","Publish Message (id=121) [devices-1]"
"302639","2752.984128807","130.185.238.170","192.168.15.8","MQTT","85","1883","","37665","Publish Message [devices-1]"
"302641","2753.063865348","130.185.238.170","192.168.15.8","MQTT","70","1883","121","37665","Publish Ack (id=121)"
"302684","2757.531685402","192.168.15.8","130.185.238.170","MQTT","87","37665","122","1883","Publish Message (id=122) [devices-1]"
"302685","2757.612084839","130.185.238.170","192.168.15.8","MQTT","85","1883","","37665","Publish Message [devices-1]"
"302687","2757.692026017","130.185.238.170","192.168.15.8","MQTT","70","1883","122","37665","Publish Ack (id=122)"
"302696","2759.124625706","192.168.15.8","130.185.238.170","MQTT","87","37665","123","1883","Publish Message (id=123) [devices-1]"
"302697","2759.204108204","130.185.238.170","192.168.15.8","MQTT","85","1883","","37665","Publish Message [devices-1]"
"302699","2759.284018126","130.185.238.170","192.168.15.8","MQTT","70","1883","123","37665","Publish Ack (id=123)"
"302756","2763.022461898","192.168.15.8","130.185.238.170","MQTT","87","37665","124","1883","Publish Message (id=124) [devices-1]"
"302757","2763.104173553","130.185.238.170","192.168.15.8","MQTT","85","1883","","37665","Publish Message [devices-1]"
"302761","2763.186841278","130.185.238.170","192.168.15.8","MQTT","70","1883","124","37665","Publish Ack (id=124)"
"302768","2764.317318473","192.168.15.8","130.185.238.170","MQTT","87","37665","125","1883","Publish Message (id=125) [devices-1]"
"302769","2764.396198983","130.185.238.170","192.168.15.8","MQTT","85","1883","","37665","Publish Message [devices-1]"
"302779","2764.475895192","130.185.238.170","192.168.15.8","MQTT","70","1883","125","37665","Publish Ack (id=125)"
"302802","2766.822033988","192.168.15.8","130.185.238.170","MQTT","87","37665","126","1883","Publish Message (id=126) [devices-1]"
"302803","2766.900271109","130.185.238.170","192.168.15.8","MQTT","85","1883","","37665","Publish Message [devices-1]"
"302812","2766.980154244","130.185.238.170","192.168.15.8","MQTT","70","1883","126","37665","Publish Ack (id=126)"
"302841","2771.371903039","192.168.15.8","130.185.238.170","MQTT","87","37665","127","1883","Publish Message (id=127) [devices-1]"
"303345","2771.452236176","130.185.238.170","192.168.15.8","MQTT","85","1883","","37665","Publish Message [devices-1]"
"303627","2771.532169949","130.185.238.170","192.168.15.8","MQTT","70","1883","127","37665","Publish Ack (id=127)"
"303640","2772.564473243","192.168.15.8","130.185.238.170","MQTT","87","37665","128","1883","Publish Message (id=128) [devices-1]"
"303641","2772.644201364","130.185.238.170","192.168.15.8","MQTT","85","1883","","37665","Publish Message [devices-1]"
"303643","2772.724158312","130.185.238.170","192.168.15.8","MQTT","70","1883","128","37665","Publish Ack (id=128)"
"303812","2777.563451247","192.168.15.8","130.185.238.170","MQTT","87","37665","129","1883","Publish Message (id=129) [devices-1]"
"303813","2777.644294890","130.185.238.170","192.168.15.8","MQTT","85","1883","","37665","Publish Message [devices-1]"
"303815","2777.724204791","130.185.238.170","192.168.15.8","MQTT","70","1883","129","37665","Publish Ack (id=129)"
"309105","2783.427078855","192.168.15.8","130.185.238.170","MQTT","87","37665","130","1883","Publish Message (id=130) [devices-1]"
"309118","2783.506725400","130.185.238.170","192.168.15.8","MQTT","85","1883","","37665","Publish Message [devices-1]"
"309128","2783.586497949","130.185.238.170","192.168.15.8","MQTT","70","1883","130","37665","Publish Ack (id=130)"
"309319","2785.086671355","192.168.15.8","130.185.238.170","MQTT","87","37665","131","1883","Publish Message (id=131) [devices-1]"
"309344","2785.166597990","130.185.238.170","192.168.15.8","MQTT","85","1883","","37665","Publish Message [devices-1]"
"309360","2785.246537154","130.185.238.170","192.168.15.8","MQTT","70","1883","131","37665","Publish Ack (id=131)"
"309467","2786.248024751","192.168.15.8","130.185.238.170","MQTT","68","37665","","1883","Ping Request"
"309475","2786.326611239","130.185.238.170","192.168.15.8","MQTT","68","1883","","37665","Ping Response"
"309610","2789.869810223","192.168.15.8","130.185.238.170","MQTT","87","37665","132","1883","Publish Message (id=132) [devices-1]"
"309611","2789.950486158","130.185.238.170","192.168.15.8","MQTT","85","1883","","37665","Publish Message [devices-1]"
"309617","2790.030564372","130.185.238.170","192.168.15.8","MQTT","70","1883","132","37665","Publish Ack (id=132)"
"309737","2792.060782979","192.168.15.8","130.185.238.170","MQTT","87","37665","133","1883","Publish Message (id=133) [devices-1]"
"309739","2792.139190413","130.185.238.170","192.168.15.8","MQTT","85","1883","","37665","Publish Message [devices-1]"
"309756","2792.218664118","130.185.238.170","192.168.15.8","MQTT","70","1883","133","37665","Publish Ack (id=133)"
"309887","2797.927441446","192.168.15.8","130.185.238.170","MQTT","87","37665","134","1883","Publish Message (id=134) [devices-1]"
"309891","2798.006825371","130.185.238.170","192.168.15.8","MQTT","85","1883","","37665","Publish Message [devices-1]"
"309893","2798.086619547","130.185.238.170","192.168.15.8","MQTT","70","1883","134","37665","Publish Ack (id=134)"
"310133","2803.220325700","192.168.15.8","130.185.238.170","MQTT","87","37665","135","1883","Publish Message (id=135) [devices-1]"
"310134","2803.298810499","130.185.238.170","192.168.15.8","MQTT","85","1883","","37665","Publish Message [devices-1]"
"310136","2803.378620383","130.185.238.170","192.168.15.8","MQTT","70","1883","135","37665","Publish Ack (id=135)"
"310148","2804.625464642","192.168.15.8","130.185.238.170","MQTT","87","37665","136","1883","Publish Message (id=136) [devices-1]"
"310154","2804.706527551","130.185.238.170","192.168.15.8","MQTT","85","1883","","37665","Publish Message [devices-1]"
"310156","2804.786568849","130.185.238.170","192.168.15.8","MQTT","70","1883","136","37665","Publish Ack (id=136)"
"310168","2806.830707617","192.168.15.8","130.185.238.170","MQTT","87","37665","137","1883","Publish Message (id=137) [devices-1]"
"310183","2806.906652105","130.185.238.170","192.168.15.8","MQTT","85","1883","","37665","Publish Message [devices-1]"
"310185","2806.982562309","130.185.238.170","192.168.15.8","MQTT","70","1883","137","37665","Publish Ack (id=137)"
"310217","2812.346271973","192.168.15.8","130.185.238.170","MQTT","87","37665","138","1883","Publish Message (id=138) [devices-1]"
"310218","2812.422701756","130.185.238.170","192.168.15.8","MQTT","85","1883","","37665","Publish Message [devices-1]"
"310220","2812.498626304","130.185.238.170","192.168.15.8","MQTT","70","1883","138","37665","Publish Ack (id=138)"
"310340","2817.698711594","192.168.15.8","130.185.238.170","MQTT","87","37665","139","1883","Publish Message (id=139) [devices-1]"
"310341","2817.774841599","130.185.238.170","192.168.15.8","MQTT","85","1883","","37665","Publish Message [devices-1]"
"310344","2817.850593178","130.185.238.170","192.168.15.8","MQTT","70","1883","139","37665","Publish Ack (id=139)"
"310412","2821.104473812","192.168.15.8","130.185.238.170","MQTT","87","37665","140","1883","Publish Message (id=140) [devices-1]"
"310415","2821.178856876","130.185.238.170","192.168.15.8","MQTT","85","1883","","37665","Publish Message [devices-1]"
"310417","2821.254762041","130.185.238.170","192.168.15.8","MQTT","70","1883","140","37665","Publish Ack (id=140)"
"310454","2827.103758450","192.168.15.8","130.185.238.170","MQTT","87","37665","141","1883","Publish Message (id=141) [devices-1]"
"310455","2827.178858506","130.185.238.170","192.168.15.8","MQTT","85","1883","","37665","Publish Message [devices-1]"
"310457","2827.254695355","130.185.238.170","192.168.15.8","MQTT","70","1883","141","37665","Publish Ack (id=141)"
"310638","2828.382484259","192.168.15.8","130.185.238.170","MQTT","87","37665","142","1883","Publish Message (id=142) [devices-1]"
"310639","2828.458805742","130.185.238.170","192.168.15.8","MQTT","85","1883","","37665","Publish Message [devices-1]"
"310641","2828.534571970","130.185.238.170","192.168.15.8","MQTT","70","1883","142","37665","Publish Ack (id=142)"
"310731","2830.627444508","192.168.15.8","130.185.238.170","MQTT","87","37665","143","1883","Publish Message (id=143) [devices-1]"
"310740","2830.708295601","130.185.238.170","192.168.15.8","MQTT","85","1883","","37665","Publish Message [devices-1]"
"310742","2830.782644700","130.185.238.170","192.168.15.8","MQTT","70","1883","143","37665","Publish Ack (id=143)"
"312540","2834.135821229","192.168.15.8","130.185.238.170","MQTT","87","37665","144","1883","Publish Message (id=144) [devices-1]"
"312561","2834.215495051","130.185.238.170","192.168.15.8","MQTT","85","1883","","37665","Publish Message [devices-1]"
"312662","2834.295423848","130.185.238.170","192.168.15.8","MQTT","70","1883","144","37665","Publish Ack (id=144)"
"316898","2839.400886852","192.168.15.8","130.185.238.170","MQTT","87","37665","145","1883","Publish Message (id=145) [devices-1]"
"316899","2839.479620607","130.185.238.170","192.168.15.8","MQTT","85","1883","","37665","Publish Message [devices-1]"
"316901","2839.559593107","130.185.238.170","192.168.15.8","MQTT","70","1883","145","37665","Publish Ack (id=145)"
"316973","2841.240153862","192.168.15.8","130.185.238.170","MQTT","87","37665","146","1883","Publish Message (id=146) [devices-1]"
"316974","2841.319705145","130.185.238.170","192.168.15.8","MQTT","85","1883","","37665","Publish Message [devices-1]"
"316981","2841.399163934","130.185.238.170","192.168.15.8","MQTT","70","1883","146","37665","Publish Ack (id=146)"
"317123","2845.701368171","192.168.15.8","130.185.238.170","MQTT","87","37665","147","1883","Publish Message (id=147) [devices-1]"
"317124","2845.779750899","130.185.238.170","192.168.15.8","MQTT","85","1883","","37665","Publish Message [devices-1]"
"317128","2845.859616012","130.185.238.170","192.168.15.8","MQTT","70","1883","147","37665","Publish Ack (id=147)"
"317136","2846.860752584","192.168.15.8","130.185.238.170","MQTT","68","37665","","1883","Ping Request"
"317142","2846.939698552","130.185.238.170","192.168.15.8","MQTT","68","1883","","37665","Ping Response"
"317365","2850.404689322","192.168.15.8","130.185.238.170","MQTT","87","37665","148","1883","Publish Message (id=148) [devices-1]"
"317366","2850.483810453","130.185.238.170","192.168.15.8","MQTT","85","1883","","37665","Publish Message [devices-1]"
"317368","2850.563863839","130.185.238.170","192.168.15.8","MQTT","70","1883","148","37665","Publish Ack (id=148)"
"317551","2855.736068029","192.168.15.8","130.185.238.170","MQTT","87","37665","149","1883","Publish Message (id=149) [devices-1]"
"317552","2855.815830543","130.185.238.170","192.168.15.8","MQTT","85","1883","","37665","Publish Message [devices-1]"
"317555","2855.895486834","130.185.238.170","192.168.15.8","MQTT","70","1883","149","37665","Publish Ack (id=149)"
"317574","2857.118201139","192.168.15.8","130.185.238.170","MQTT","87","37665","150","1883","Publish Message (id=150) [devices-1]"
"317575","2857.195834158","130.185.238.170","192.168.15.8","MQTT","85","1883","","37665","Publish Message [devices-1]"
"317578","2857.275684473","130.185.238.170","192.168.15.8","MQTT","70","1883","150","37665","Publish Ack (id=150)"
"317613","2861.757043923","192.168.15.8","130.185.238.170","MQTT","87","37665","151","1883","Publish Message (id=151) [devices-1]"
"317614","2861.835847374","130.185.238.170","192.168.15.8","MQTT","85","1883","","37665","Publish Message [devices-1]"
"317616","2861.915711688","130.185.238.170","192.168.15.8","MQTT","70","1883","151","37665","Publish Ack (id=151)"
"321540","2865.106691361","192.168.15.8","130.185.238.170","MQTT","87","37665","152","1883","Publish Message (id=152) [devices-1]"
"321541","2865.186384364","130.185.238.170","192.168.15.8","MQTT","85","1883","","37665","Publish Message [devices-1]"
"321543","2865.268013016","130.185.238.170","192.168.15.8","MQTT","70","1883","152","37665","Publish Ack (id=152)"
"323549","2870.890932533","192.168.15.8","130.185.238.170","MQTT","87","37665","153","1883","Publish Message (id=153) [devices-1]"
"323554","2870.970574869","130.185.238.170","192.168.15.8","MQTT","85","1883","","37665","Publish Message [devices-1]"
"323564","2871.050597521","130.185.238.170","192.168.15.8","MQTT","70","1883","153","37665","Publish Ack (id=153)"
"323626","2873.073854900","192.168.15.8","130.185.238.170","MQTT","87","37665","154","1883","Publish Message (id=154) [devices-1]"
"323627","2873.154934954","130.185.238.170","192.168.15.8","MQTT","85","1883","","37665","Publish Message [devices-1]"
"323629","2873.234687957","130.185.238.170","192.168.15.8","MQTT","70","1883","154","37665","Publish Ack (id=154)"
"325348","2874.533197550","192.168.15.8","130.185.238.170","MQTT","87","37665","155","1883","Publish Message (id=155) [devices-1]"
"325349","2874.613993417","130.185.238.170","192.168.15.8","MQTT","85","1883","","37665","Publish Message [devices-1]"
"325351","2874.694017788","130.185.238.170","192.168.15.8","MQTT","70","1883","155","37665","Publish Ack (id=155)"
"325396","2878.239147794","192.168.15.8","130.185.238.170","MQTT","87","37665","156","1883","Publish Message (id=156) [devices-1]"
"325397","2878.318119372","130.185.238.170","192.168.15.8","MQTT","85","1883","","37665","Publish Message [devices-1]"
"325399","2878.397939345","130.185.238.170","192.168.15.8","MQTT","70","1883","156","37665","Publish Ack (id=156)"
"327816","2883.183197958","192.168.15.8","130.185.238.170","MQTT","87","37665","157","1883","Publish Message (id=157) [devices-1]"
"327818","2883.261377848","130.185.238.170","192.168.15.8","MQTT","85","1883","","37665","Publish Message [devices-1]"
"327820","2883.341304475","130.185.238.170","192.168.15.8","MQTT","70","1883","157","37665","Publish Ack (id=157)"
"327847","2887.003690987","192.168.15.8","130.185.238.170","MQTT","87","37665","158","1883","Publish Message (id=158) [devices-1]"
"327848","2887.081254436","130.185.238.170","192.168.15.8","MQTT","85","1883","","37665","Publish Message [devices-1]"
"327850","2887.161191471","130.185.238.170","192.168.15.8","MQTT","70","1883","158","37665","Publish Ack (id=158)"
"329563","2889.074715255","192.168.15.8","130.185.238.170","MQTT","87","37665","159","1883","Publish Message (id=159) [devices-1]"
"329564","2889.153430905","130.185.238.170","192.168.15.8","MQTT","85","1883","","37665","Publish Message [devices-1]"
"329569","2889.233149061","130.185.238.170","192.168.15.8","MQTT","70","1883","159","37665","Publish Ack (id=159)"
"331922","2894.938006747","192.168.15.8","130.185.238.170","MQTT","87","37665","160","1883","Publish Message (id=160) [devices-1]"
"331923","2895.016375867","130.185.238.170","192.168.15.8","MQTT","85","1883","","37665","Publish Message [devices-1]"
"331925","2895.096052296","130.185.238.170","192.168.15.8","MQTT","70","1883","160","37665","Publish Ack (id=160)"
"332673","2899.538309846","192.168.15.8","130.185.238.170","MQTT","87","37665","161","1883","Publish Message (id=161) [devices-1]"
"334301","2899.619157878","130.185.238.170","192.168.15.8","MQTT","85","1883","","37665","Publish Message [devices-1]"
"334512","2899.699920290","130.185.238.170","192.168.15.8","MQTT","70","1883","161","37665","Publish Ack (id=161)"
"334764","2904.860833537","192.168.15.8","130.185.238.170","MQTT","87","37665","162","1883","Publish Message (id=162) [devices-1]"
"334765","2904.940149559","130.185.238.170","192.168.15.8","MQTT","85","1883","","37665","Publish Message [devices-1]"
"334767","2905.019899261","130.185.238.170","192.168.15.8","MQTT","70","1883","162","37665","Publish Ack (id=162)"
"334835","2907.021233934","192.168.15.8","130.185.238.170","MQTT","68","37665","","1883","Ping Request"
"334837","2907.101515507","130.185.238.170","192.168.15.8","MQTT","68","1883","","37665","Ping Response"
"334859","2908.231227797","192.168.15.8","130.185.238.170","MQTT","87","37665","163","1883","Publish Message (id=163) [devices-1]"
"334860","2908.309369272","130.185.238.170","192.168.15.8","MQTT","85","1883","","37665","Publish Message [devices-1]"
"334863","2908.389083770","130.185.238.170","192.168.15.8","MQTT","70","1883","163","37665","Publish Ack (id=163)"
"336697","2910.608661707","192.168.15.8","130.185.238.170","MQTT","87","37665","164","1883","Publish Message (id=164) [devices-1]"
"336698","2910.688407860","130.185.238.170","192.168.15.8","MQTT","85","1883","","37665","Publish Message [devices-1]"
"336700","2910.768103419","130.185.238.170","192.168.15.8","MQTT","70","1883","164","37665","Publish Ack (id=164)"
"338835","2916.501440809","192.168.15.8","130.185.238.170","MQTT","87","37665","165","1883","Publish Message (id=165) [devices-1]"
"338839","2916.599718656","130.185.238.170","192.168.15.8","MQTT","85","1883","","37665","Publish Message [devices-1]"
"338841","2916.679338557","130.185.238.170","192.168.15.8","MQTT","70","1883","165","37665","Publish Ack (id=165)"
"341570","2922.102150906","192.168.15.8","130.185.238.170","MQTT","87","37665","166","1883","Publish Message (id=166) [devices-1]"
"341571","2922.182620039","130.185.238.170","192.168.15.8","MQTT","85","1883","","37665","Publish Message [devices-1]"
"341573","2922.262275866","130.185.238.170","192.168.15.8","MQTT","70","1883","166","37665","Publish Ack (id=166)"
"341588","2923.439062461","192.168.15.8","130.185.238.170","MQTT","87","37665","167","1883","Publish Message (id=167) [devices-1]"
"341589","2923.518573183","130.185.238.170","192.168.15.8","MQTT","85","1883","","37665","Publish Message [devices-1]"
"341591","2923.598433203","130.185.238.170","192.168.15.8","MQTT","70","1883","167","37665","Publish Ack (id=167)"
"341623","2926.642936385","192.168.15.8","130.185.238.170","MQTT","87","37665","168","1883","Publish Message (id=168) [devices-1]"
"341626","2926.722518654","130.185.238.170","192.168.15.8","MQTT","85","1883","","37665","Publish Message [devices-1]"
"341631","2926.802318409","130.185.238.170","192.168.15.8","MQTT","70","1883","168","37665","Publish Ack (id=168)"
"341680","2929.053090002","192.168.15.8","130.185.238.170","MQTT","87","37665","169","1883","Publish Message (id=169) [devices-1]"
"341681","2929.134482054","130.185.238.170","192.168.15.8","MQTT","85","1883","","37665","Publish Message [devices-1]"
"341683","2929.214357959","130.185.238.170","192.168.15.8","MQTT","70","1883","169","37665","Publish Ack (id=169)"
"341712","2933.439743713","192.168.15.8","130.185.238.170","MQTT","87","37665","170","1883","Publish Message (id=170) [devices-1]"
"341713","2933.518766627","130.185.238.170","192.168.15.8","MQTT","85","1883","","37665","Publish Message [devices-1]"
"342921","2933.605570930","130.185.238.170","192.168.15.8","MQTT","70","1883","170","37665","Publish Ack (id=170)"
"343392","2936.164937197","192.168.15.8","130.185.238.170","MQTT","87","37665","171","1883","Publish Message (id=171) [devices-1]"
"343393","2936.245827146","130.185.238.170","192.168.15.8","MQTT","85","1883","","37665","Publish Message [devices-1]"
"343395","2936.325719456","130.185.238.170","192.168.15.8","MQTT","70","1883","171","37665","Publish Ack (id=171)"
"346580","2942.058586824","192.168.15.8","130.185.238.170","MQTT","87","37665","172","1883","Publish Message (id=172) [devices-1]"
"346581","2942.136419589","130.185.238.170","192.168.15.8","MQTT","85","1883","","37665","Publish Message [devices-1]"
"346586","2942.216021141","130.185.238.170","192.168.15.8","MQTT","70","1883","172","37665","Publish Ack (id=172)"
"346628","2945.647319808","192.168.15.8","130.185.238.170","MQTT","87","37665","173","1883","Publish Message (id=173) [devices-1]"
"346629","2945.728497645","130.185.238.170","192.168.15.8","MQTT","85","1883","","37665","Publish Message [devices-1]"
"346631","2945.808400457","130.185.238.170","192.168.15.8","MQTT","70","1883","173","37665","Publish Ack (id=173)"
"346638","2946.930429888","192.168.15.8","130.185.238.170","MQTT","87","37665","174","1883","Publish Message (id=174) [devices-1]"
"346639","2947.008507659","130.185.238.170","192.168.15.8","MQTT","85","1883","","37665","Publish Message [devices-1]"
"346641","2947.088365715","130.185.238.170","192.168.15.8","MQTT","70","1883","174","37665","Publish Ack (id=174)"
"346672","2949.451291594","192.168.15.8","130.185.238.170","MQTT","87","37665","175","1883","Publish Message (id=175) [devices-1]"
"346673","2949.532486865","130.185.238.170","192.168.15.8","MQTT","85","1883","","37665","Publish Message [devices-1]"
"346675","2949.612322738","130.185.238.170","192.168.15.8","MQTT","70","1883","175","37665","Publish Ack (id=175)"
"348845","2953.886235077","192.168.15.8","130.185.238.170","MQTT","87","37665","176","1883","Publish Message (id=176) [devices-1]"
"348846","2953.966368517","130.185.238.170","192.168.15.8","MQTT","85","1883","","37665","Publish Message [devices-1]"
"348850","2954.046215797","130.185.238.170","192.168.15.8","MQTT","70","1883","176","37665","Publish Ack (id=176)"
"348888","2957.534455848","192.168.15.8","130.185.238.170","MQTT","87","37665","177","1883","Publish Message (id=177) [devices-1]"
"348889","2957.614573842","130.185.238.170","192.168.15.8","MQTT","85","1883","","37665","Publish Message [devices-1]"
"348891","2957.694551803","130.185.238.170","192.168.15.8","MQTT","70","1883","177","37665","Publish Ack (id=177)"
"348907","2959.406098342","192.168.15.8","130.185.238.170","MQTT","87","37665","178","1883","Publish Message (id=178) [devices-1]"
"348912","2959.486627520","130.185.238.170","192.168.15.8","MQTT","85","1883","","37665","Publish Message [devices-1]"
"348918","2959.566406164","130.185.238.170","192.168.15.8","MQTT","70","1883","178","37665","Publish Ack (id=178)"
"350780","2964.050512034","192.168.15.8","130.185.238.170","MQTT","87","37665","179","1883","Publish Message (id=179) [devices-1]"
"350784","2964.129087242","130.185.238.170","192.168.15.8","MQTT","85","1883","","37665","Publish Message [devices-1]"
"350788","2964.208878644","130.185.238.170","192.168.15.8","MQTT","70","1883","179","37665","Publish Ack (id=179)"
"350811","2967.212093610","192.168.15.8","130.185.238.170","MQTT","68","37665","","1883","Ping Request"
"350821","2967.292743761","130.185.238.170","192.168.15.8","MQTT","68","1883","","37665","Ping Response"
"350842","2968.032597551","192.168.15.8","130.185.238.170","MQTT","87","37665","180","1883","Publish Message (id=180) [devices-1]"
"350844","2968.115614137","130.185.238.170","192.168.15.8","MQTT","85","1883","","37665","Publish Message [devices-1]"
"350846","2968.197098561","130.185.238.170","192.168.15.8","MQTT","70","1883","180","37665","Publish Ack (id=180)"
"350899","2972.605636647","192.168.15.8","130.185.238.170","MQTT","87","37665","181","1883","Publish Message (id=181) [devices-1]"
"350900","2972.686169858","130.185.238.170","192.168.15.8","MQTT","85","1883","","37665","Publish Message [devices-1]"
"350902","2972.765126554","130.185.238.170","192.168.15.8","MQTT","70","1883","181","37665","Publish Ack (id=181)"
"353922","2978.153005980","192.168.15.8","130.185.238.170","MQTT","87","37665","182","1883","Publish Message (id=182) [devices-1]"
"353923","2978.232019709","130.185.238.170","192.168.15.8","MQTT","85","1883","","37665","Publish Message [devices-1]"
"353925","2978.311930465","130.185.238.170","192.168.15.8","MQTT","70","1883","182","37665","Publish Ack (id=182)"
"354442","2984.140032722","192.168.15.8","130.185.238.170","MQTT","87","37665","183","1883","Publish Message (id=183) [devices-1]"
"354446","2984.220160768","130.185.238.170","192.168.15.8","MQTT","85","1883","","37665","Publish Message [devices-1]"
"354450","2984.299933249","130.185.238.170","192.168.15.8","MQTT","70","1883","183","37665","Publish Ack (id=183)"
"354472","2986.939598524","192.168.15.8","130.185.238.170","MQTT","87","37665","184","1883","Publish Message (id=184) [devices-1]"
"354473","2987.020243977","130.185.238.170","192.168.15.8","MQTT","85","1883","","37665","Publish Message [devices-1]"
"354475","2987.099887232","130.185.238.170","192.168.15.8","MQTT","70","1883","184","37665","Publish Ack (id=184)"
"354555","2991.240305076","192.168.15.8","130.185.238.170","MQTT","87","37665","185","1883","Publish Message (id=185) [devices-1]"
"354556","2991.320055035","130.185.238.170","192.168.15.8","MQTT","85","1883","","37665","Publish Message [devices-1]"
"354558","2991.399822533","130.185.238.170","192.168.15.8","MQTT","70","1883","185","37665","Publish Ack (id=185)"
"357196","2996.161075003","192.168.15.8","130.185.238.170","MQTT","87","37665","186","1883","Publish Message (id=186) [devices-1]"
"357197","2996.240771479","130.185.238.170","192.168.15.8","MQTT","85","1883","","37665","Publish Message [devices-1]"
"357199","2996.320801594","130.185.238.170","192.168.15.8","MQTT","70","1883","186","37665","Publish Ack (id=186)"
"357208","2998.153092456","192.168.15.8","130.185.238.170","MQTT","87","37665","187","1883","Publish Message (id=187) [devices-1]"
"357209","2998.232911542","130.185.238.170","192.168.15.8","MQTT","85","1883","","37665","Publish Message [devices-1]"
"357211","2998.312711612","130.185.238.170","192.168.15.8","MQTT","70","1883","187","37665","Publish Ack (id=187)"
"357249","3003.353151271","192.168.15.8","130.185.238.170","MQTT","87","37665","188","1883","Publish Message (id=188) [devices-1]"
"357250","3003.433018963","130.185.238.170","192.168.15.8","MQTT","85","1883","","37665","Publish Message [devices-1]"
"357252","3003.512845468","130.185.238.170","192.168.15.8","MQTT","70","1883","188","37665","Publish Ack (id=188)"
"357357","3008.997256065","192.168.15.8","130.185.238.170","MQTT","87","37665","189","1883","Publish Message (id=189) [devices-1]"
"357359","3009.076956526","130.185.238.170","192.168.15.8","MQTT","85","1883","","37665","Publish Message [devices-1]"
"357361","3009.156975473","130.185.238.170","192.168.15.8","MQTT","70","1883","189","37665","Publish Ack (id=189)"
"357416","3012.876517620","192.168.15.8","130.185.238.170","MQTT","87","37665","190","1883","Publish Message (id=190) [devices-1]"
"357419","3012.957013758","130.185.238.170","192.168.15.8","MQTT","85","1883","","37665","Publish Message [devices-1]"
"357421","3013.049752775","130.185.238.170","192.168.15.8","MQTT","70","1883","190","37665","Publish Ack (id=190)"
"359960","3017.979519840","192.168.15.8","130.185.238.170","MQTT","87","37665","191","1883","Publish Message (id=191) [devices-1]"
"359963","3018.059908143","130.185.238.170","192.168.15.8","MQTT","85","1883","","37665","Publish Message [devices-1]"
"359966","3018.139863572","130.185.238.170","192.168.15.8","MQTT","70","1883","191","37665","Publish Ack (id=191)"
"360043","3023.570442740","192.168.15.8","130.185.238.170","MQTT","87","37665","192","1883","Publish Message (id=192) [devices-1]"
"360044","3023.652070934","130.185.238.170","192.168.15.8","MQTT","85","1883","","37665","Publish Message [devices-1]"
"360046","3023.731826499","130.185.238.170","192.168.15.8","MQTT","70","1883","192","37665","Publish Ack (id=192)"
"361726","3027.736291998","192.168.15.8","130.185.238.170","MQTT","68","37665","","1883","Ping Request"
"361727","3027.816085073","130.185.238.170","192.168.15.8","MQTT","68","1883","","37665","Ping Response"
"361763","3029.471613760","192.168.15.8","130.185.238.170","MQTT","87","37665","193","1883","Publish Message (id=193) [devices-1]"
"361764","3029.552174490","130.185.238.170","192.168.15.8","MQTT","85","1883","","37665","Publish Message [devices-1]"
"361767","3029.631950183","130.185.238.170","192.168.15.8","MQTT","70","1883","193","37665","Publish Ack (id=193)"
"361793","3032.148272280","192.168.15.8","130.185.238.170","MQTT","87","37665","194","1883","Publish Message (id=194) [devices-1]"
"361794","3032.228348435","130.185.238.170","192.168.15.8","MQTT","85","1883","","37665","Publish Message [devices-1]"
"361796","3032.308255455","130.185.238.170","192.168.15.8","MQTT","70","1883","194","37665","Publish Ack (id=194)"
"361839","3035.653485605","192.168.15.8","130.185.238.170","MQTT","87","37665","195","1883","Publish Message (id=195) [devices-1]"
"361841","3035.732126633","130.185.238.170","192.168.15.8","MQTT","85","1883","","37665","Publish Message [devices-1]"
"361847","3035.812036459","130.185.238.170","192.168.15.8","MQTT","70","1883","195","37665","Publish Ack (id=195)"
"361873","3039.482279846","192.168.15.8","130.185.238.170","MQTT","87","37665","196","1883","Publish Message (id=196) [devices-1]"
"361874","3039.560145170","130.185.238.170","192.168.15.8","MQTT","85","1883","","37665","Publish Message [devices-1]"
"361876","3039.640117033","130.185.238.170","192.168.15.8","MQTT","70","1883","196","37665","Publish Ack (id=196)"
"361916","3040.939874550","192.168.15.8","130.185.238.170","MQTT","87","37665","197","1883","Publish Message (id=197) [devices-1]"
"361917","3041.020193004","130.185.238.170","192.168.15.8","MQTT","85","1883","","37665","Publish Message [devices-1]"
"361919","3041.100177535","130.185.238.170","192.168.15.8","MQTT","70","1883","197","37665","Publish Ack (id=197)"
"364729","3042.448656732","192.168.15.8","130.185.238.170","MQTT","87","37665","198","1883","Publish Message (id=198) [devices-1]"
"364730","3042.526310311","130.185.238.170","192.168.15.8","MQTT","85","1883","","37665","Publish Message [devices-1]"
"364735","3042.606579557","130.185.238.170","192.168.15.8","MQTT","70","1883","198","37665","Publish Ack (id=198)"
"364786","3047.067164808","192.168.15.8","130.185.238.170","MQTT","87","37665","199","1883","Publish Message (id=199) [devices-1]"
"364787","3047.146416244","130.185.238.170","192.168.15.8","MQTT","85","1883","","37665","Publish Message [devices-1]"
"364791","3047.226274424","130.185.238.170","192.168.15.8","MQTT","70","1883","199","37665","Publish Ack (id=199)"
"364880","3052.704502902","192.168.15.8","130.185.238.170","MQTT","87","37665","200","1883","Publish Message (id=200) [devices-1]"
"364881","3052.782295660","130.185.238.170","192.168.15.8","MQTT","85","1883","","37665","Publish Message [devices-1]"
"364883","3052.862299443","130.185.238.170","192.168.15.8","MQTT","70","1883","200","37665","Publish Ack (id=200)"
"367760","3056.850745725","192.168.15.8","130.185.238.170","MQTT","87","37665","201","1883","Publish Message (id=201) [devices-1]"
"367761","3056.929730242","130.185.238.170","192.168.15.8","MQTT","85","1883","","37665","Publish Message [devices-1]"
"367763","3057.009593127","130.185.238.170","192.168.15.8","MQTT","70","1883","201","37665","Publish Ack (id=201)"
"371723","3088.033743601","192.168.15.8","130.185.238.170","MQTT","68","37665","","1883","Ping Request"
"371724","3088.116857603","130.185.238.170","192.168.15.8","MQTT","68","1883","","37665","Ping Response"
"384075","3148.169106913","192.168.15.8","130.185.238.170","MQTT","68","37665","","1883","Ping Request"
"384107","3148.250199546","130.185.238.170","192.168.15.8","MQTT","68","1883","","37665","Ping Response"
"392415","3208.308729776","192.168.15.8","130.185.238.170","MQTT","68","37665","","1883","Ping Request"
"392416","3208.387801759","130.185.238.170","192.168.15.8","MQTT","68","1883","","37665","Ping Response"
"393036","3268.444504908","192.168.15.8","130.185.238.170","MQTT","68","37665","","1883","Ping Request"
"393037","3268.525863974","130.185.238.170","192.168.15.8","MQTT","68","1883","","37665","Ping Response"
"393726","3328.574980923","192.168.15.8","130.185.238.170","MQTT","68","37665","","1883","Ping Request"
"393751","3328.662854615","130.185.238.170","192.168.15.8","MQTT","68","1883","","37665","Ping Response"
"398020","3388.713825106","192.168.15.8","130.185.238.170","MQTT","68","37665","","1883","Ping Request"
"398023","3388.794775802","130.185.238.170","192.168.15.8","MQTT","68","1883","","37665","Ping Response"
"402004","3448.843496342","192.168.15.8","130.185.238.170","MQTT","68","37665","","1883","Ping Request"
"402007","3448.925301600","130.185.238.170","192.168.15.8","MQTT","68","1883","","37665","Ping Response"
"403660","3508.973100179","192.168.15.8","130.185.238.170","MQTT","68","37665","","1883","Ping Request"
"403661","3509.051859090","130.185.238.170","192.168.15.8","MQTT","68","1883","","37665","Ping Response"
"404820","3569.105661809","192.168.15.8","130.185.238.170","MQTT","68","37665","","1883","Ping Request"
"404821","3569.189240729","130.185.238.170","192.168.15.8","MQTT","68","1883","","37665","Ping Response"
"405422","3629.237916158","192.168.15.8","130.185.238.170","MQTT","68","37665","","1883","Ping Request"
"405423","3629.318316016","130.185.238.170","192.168.15.8","MQTT","68","1883","","37665","Ping Response"
"408228","3689.370142687","192.168.15.8","130.185.238.170","MQTT","68","37665","","1883","Ping Request"
"408229","3689.449327626","130.185.238.170","192.168.15.8","MQTT","68","1883","","37665","Ping Response"
"411305","3749.502254990","192.168.15.8","130.185.238.170","MQTT","68","37665","","1883","Ping Request"
"411311","3749.580639109","130.185.238.170","192.168.15.8","MQTT","68","1883","","37665","Ping Response"
"414192","3809.634069740","192.168.15.8","130.185.238.170","MQTT","68","37665","","1883","Ping Request"
"414193","3809.714767120","130.185.238.170","192.168.15.8","MQTT","68","1883","","37665","Ping Response"
"416216","3869.766258543","192.168.15.8","130.185.238.170","MQTT","68","37665","","1883","Ping Request"
"416222","3869.847788875","130.185.238.170","192.168.15.8","MQTT","68","1883","","37665","Ping Response"
